<?xml version="1.0" encoding="UTF-8"?>
<project-private xmlns="http://www.netbeans.org/ns/project-private/1">
    <editor-bookmarks xmlns="http://www.netbeans.org/ns/editor-bookmarks/2" lastBookmarkId="0"/>
    <open-files xmlns="http://www.netbeans.org/ns/projectui-open-files/2">
        <group>
            <file>file:/F:/Docencia/Material_Moduls/M5_ED/examens/examens_17_18/UF2_EXTRA/UF2.2/projecte/ExamenRef/src/jmockit/FootballReport.java</file>
            <file>file:/F:/Docencia/Material_Moduls/M5_ED/examens/examens_17_18/UF2_EXTRA/UF2.2/projecte/ExamenRef/src/jmockit/CountryNotFoundException.java</file>
            <file>file:/F:/Docencia/Material_Moduls/M5_ED/examens/examens_17_18/UF2_EXTRA/UF2.2/projecte/ExamenRef/test/jmockit/FootballReportTest.java</file>
            <file>file:/F:/Docencia/Material_Moduls/M5_ED/examens/examens_17_18/UF2_EXTRA/UF2.2/projecte/ExamenRef/src/refaccio/Flota.java</file>
            <file>file:/F:/Docencia/Material_Moduls/M5_ED/examens/examens_17_18/UF2_EXTRA/UF2.2/projecte/ExamenRef/test/refaccio/FlotaTest.java</file>
        </group>
    </open-files>
</project-private>
